text,topics
"A symphony of flavors dances on the palate, evoking memories and sparking joy with every delicious bite.",['Food']
The careful fermentation of ingredients throughout the ages has transformed simple sustenance into a vibrant tapestry of cultural heritage and innovation.,"['Science', 'History', 'Food']"
The delicate balance between power and responsibility often shapes the course of a nation's future.,['Politics']
"The interplay of power, knowledge, and collective memory shapes societies and influences the future of generations.","['Politics', 'Education', 'History']"
Exploring vibrant markets while savoring local delicacies can be as exhilarating as the thrill of a last-minute goal in a championship match.,"['Food', 'Travel', 'Sports']"
The harmonious blend of creativity and empirical inquiry uncovers new dimensions of understanding the human experience.,"['Health', 'Science', 'Art']"
"Innovative advancements are seamlessly connecting wellness, exploration, and convenience, transforming the way we experience the world.","['Technology', 'Health', 'Travel']"
"Innovative tools are transforming the way knowledge is shared and accessed, enhancing well-being and learning experiences for individuals across the globe.","['Technology', 'Health', 'Education']"
"Innovative tools are transforming the way athletes train, coaches strategize, and students learn, creating a dynamic intersection of performance and knowledge.","['Technology', 'Sports', 'Education']"
"The intersection of competition, governance, and well-being shapes not only individual lives but also the fabric of society.","['Sports', 'Politics', 'Health']"
"The intricate dance of governance, discovery, and nourishment shapes our society's future, influencing both our minds and our plates.","['Politics', 'Science', 'Food']"
Navigating the intricate landscapes of governance can be as challenging as competing in a high-stakes tournament across foreign terrains.,"['Politics', 'Travel', 'Sports']"
Navigating the intricate landscape of power and influence often reveals the delicate balance between ambition and responsibility.,['Politics']
A vibrant canvas of flavors and colors invites the senses to indulge in a feast that celebrates creativity and expression.,"['Food', 'Art']"
Nourishing the mind and body through engaging activities fosters growth and resilience in individuals.,"['Food', 'Education', 'Sports']"
Exploring new destinations often leads to unforgettable flavors that tell stories of culture and tradition.,"['Food', 'Travel']"
"Innovative digital tools are transforming the way athletes train, learn, and compete, enhancing performance and fostering lifelong skills.","['Technology', 'Education', 'Sports']"
"The interplay of power and societal change has shaped civilizations, revealing the complex dynamics of human governance and collective memory.","['History', 'Politics']"
"Embarking on an adventure opens the door to new cultures, breathtaking landscapes, and unforgettable experiences that enrich the soul.",['Travel']
The exhilarating atmosphere of competition is often matched by the sizzling excitement of sharing a delicious feast with fellow fans.,"['Food', 'Sports']"
"The echoes of past competitions shape the spirit of today's athletes, intertwining legacy and ambition on every field.","['Sports', 'History']"
The delicate balance of power often sways with the tides of public opinion and the whispers of ambition.,['Politics']
Empowering individuals with knowledge fosters critical thinking and opens doors to endless possibilities.,['Education']
Engaging in regular physical activity not only boosts overall well-being but also enhances mental resilience and social connections.,"['Health', 'Sports']"
"The evolution of competition and teamwork throughout the ages has shaped cultures and societies, reflecting the triumphs and struggles of human spirit.","['Sports', 'History']"
"The fierce competition ignites a passion that unites fans and players alike, transcending boundaries and inspiring greatness.",['Sports']
"The harmonious integration of knowledge, well-being, and creativity fosters a vibrant society where individuals can thrive and express their fullest potential.","['Education', 'Health', 'Art']"
"Wandering through ancient streets adorned with vibrant murals, one discovers the intertwined stories of culture, creativity, and time.","['Travel', 'Art', 'History']"
The fusion of creativity and innovation transforms traditional expressions into dynamic experiences that challenge perceptions and inspire new possibilities.,"['Technology', 'Art']"
Access to nutritious meals and knowledge about healthy choices are essential for fostering well-rounded individuals capable of thriving in society.,"['Education', 'Food', 'Health']"
"A symphony of flavors dances on the palate, evoking memories and sparking joy in every bite.",['Food']
"Exploring new cultures and environments enriches the mind, fostering a deeper understanding of the world and its diverse perspectives.","['Travel', 'Education']"
Exploring new horizons unlocks the beauty of diverse cultures and unforgettable experiences.,['Travel']
Exploring new cultures and landscapes enriches the mind and fosters a deeper understanding of the world.,"['Travel', 'Education']"
Exploring new horizons often leads to unforgettable experiences and cherished memories.,['Travel']
"The fierce competition and strategic maneuvering in the arena often mirror the high-stakes battles of governance, where alliances and rivalries shape outcomes both on and off the field.","['Politics', 'Sports']"
"A symphony of flavors dances on the palate, inviting exploration and delight with every bite.",['Food']
"The tapestry of human expression weaves together the chronicles of our past, the principles of the natural world, and the boundless creativity of the imagination.","['History', 'Science', 'Art']"
"A balanced lifestyle fosters vitality and resilience, empowering individuals to thrive in their daily pursuits.",['Health']
Regular physical activity not only enhances overall well-being but also boosts mental resilience and fosters a sense of community.,"['Health', 'Sports']"
"The relentless pursuit of understanding the universe reveals the intricate tapestry of existence woven through observation, experimentation, and curiosity.",['Science']
"The relentless pursuit of knowledge unveils the intricate tapestry of the universe, revealing connections that challenge our understanding and ignite our curiosity.",['Science']
"A holistic approach that integrates physical activity, knowledge acquisition, and well-being fosters a thriving community and empowers individuals to reach their full potential.","['Health', 'Education', 'Sports']"
The echoes of the past shape our understanding of the present and guide our vision for the future.,['History']
Innovative advancements in knowledge and tools empower learners to explore and understand the world more deeply than ever before.,"['Science', 'Technology', 'Education']"
"The synergy of physical activity, empirical research, and knowledge dissemination fosters holistic development and innovation.","['Sports', 'Science', 'Education']"
"Exploring distant lands can unveil new perspectives on well-being, merging the wonders of nature with the mysteries of the human body.","['Science', 'Health', 'Travel']"
"The relentless pursuit of knowledge reveals the hidden patterns that govern our universe, inspiring awe and innovation.",['Science']
Innovative advancements are transforming our culinary experiences by harnessing the power of scientific exploration to enhance flavors and nutrition.,"['Technology', 'Food', 'Science']"
The relentless pursuit of understanding the universe reveals the intricate connections that govern existence.,['Science']
"Combining physical activity, nutritious meals, and knowledge fosters holistic development and well-being in individuals.","['Sports', 'Food', 'Education']"
"A vibrant expression of the human experience, where imagination transforms the ordinary into the extraordinary.",['Art']
"The dynamic interplay between competitive endeavors, governance, and empirical inquiry shapes societal norms and values in profound ways.","['Sports', 'Politics', 'Science']"
"The vibrant tapestry of human experience weaves together the evolution of well-being, the chronicles of our past, and the creative expressions that reflect our journeys.","['Health', 'History', 'Art']"
Exploring new horizons through creative expression enriches the mind and deepens our understanding of diverse cultures.,"['Art', 'Travel', 'Education']"
"Exploring distant horizons often unveils the mysteries of the universe, merging the thrill of adventure with the pursuit of knowledge.","['Travel', 'Science']"
Innovative advancements are transforming the way we understand and interact with the world around us.,"['Science', 'Technology']"
"A symphony of flavors dances on the palate, uniting cultures and memories in each delightful bite.",['Food']
"The interplay of inquiry, governance, and knowledge shapes the foundations of societal progress.","['Science', 'Politics', 'Education']"
Exploring new horizons opens the door to unforgettable experiences and diverse cultures.,['Travel']
The delicate balance of power often shapes the fate of nations and the lives of their citizens.,['Politics']
Empowering individuals with knowledge fosters critical thinking and opens doors to endless possibilities.,['Education']
"The echoes of past decisions resonate through the corridors of power, shaping the future in ways both profound and unpredictable.","['Politics', 'History']"
"Innovative research continues to unveil the intricate connections between our biology and the environment, paving the way for groundbreaking advancements in well-being.","['Health', 'Science']"
Exploring ancient ruins allows us to walk through the stories of those who shaped our world.,"['History', 'Travel']"
"The tapestry of the past is woven with the threads of triumphs, struggles, and lessons that shape the present and future.",['History']
"Innovative tools and applications have transformed the way we explore the world, making journeys more efficient and enriching.","['Technology', 'Travel']"
The interplay between governance and well-being often shapes the landscape of societal progress and equity.,"['Health', 'Politics']"
"The vibrant colors of a chef's masterpiece mirror the energy of an athlete's performance, creating a feast for the senses that celebrates creativity in every form.","['Art', 'Food', 'Sports']"
The exhilarating rush of competition is perfectly complemented by the savory celebration of flavors that bring friends and fans together.,"['Sports', 'Food']"
"The interplay of nourishment, knowledge, and governance shapes societal progress and individual well-being.","['Food', 'Education', 'Politics']"
Empowering individuals with knowledge fosters growth and opens doors to endless possibilities.,['Education']
Innovative advancements are reshaping our understanding of the universe and enhancing everyday life in unprecedented ways.,"['Science', 'Technology']"
Exploring ancient markets and savoring traditional dishes offers a delicious glimpse into the cultures and stories of the past.,"['History', 'Travel', 'Food']"
The pursuit of understanding the universe's mysteries often leads to groundbreaking discoveries that reshape our view of reality.,['Science']
"Innovative advancements continuously reshape our daily lives, enhancing connectivity and transforming how we interact with the world.",['Technology']
The thrill of competition ignites a passion that unites individuals and transcends boundaries.,['Sports']
"The relentless march of innovation continuously reshapes the way we connect, learn, and interact with the world around us.",['Technology']
"Throughout the ages, the evolution of human creativity has been intricately woven with the advancements in tools and methods that shape our expression and understanding of the world.","['History', 'Art', 'Technology']"
"The intersection of innovation and governance shapes how resources are distributed and accessed, influencing both daily sustenance and broader societal well-being.","['Food', 'Technology', 'Politics']"
"The interplay of creativity, well-being, and empirical inquiry reveals profound insights into the human experience.","['Art', 'Health', 'Science']"
The intersection of physical prowess and analytical exploration reveals new dimensions of human potential and performance.,"['Sports', 'Science']"
"Innovative analytics and immersive experiences are transforming how athletes learn, train, and compete in an increasingly interconnected world.","['Sports', 'Technology', 'Education']"
A relentless pursuit of understanding the universe often leads to groundbreaking discoveries that reshape our perception of reality.,['Science']
The rapid evolution of digital communication is reshaping the landscape of governance and public engagement.,"['Politics', 'Technology']"
"The seamless fusion of innovation, inquiry, and creativity gives rise to new possibilities that reshape our understanding of the world.","['Technology', 'Science', 'Art']"
The harmonious blend of creativity and inquiry reveals the profound beauty of understanding the world around us.,"['Art', 'Science']"
Navigating the complexities of societal governance often shapes the curriculum of learning institutions and influences the experiences of exploration across borders.,"['Politics', 'Education', 'Travel']"
The fusion of creativity and innovation transforms culinary experiences into multisensory masterpieces.,"['Art', 'Technology', 'Food']"
"The relentless pursuit of knowledge unveils the intricate patterns that govern the universe, transforming curiosity into understanding.",['Science']
"A symphony of flavors dances on the palate, evoking memories and sparking joy with every bite.",['Food']
The seamless blend of creativity and innovation transforms traditional expressions into dynamic experiences.,"['Technology', 'Art']"
"A delightful fusion of flavors and textures dances on the palate, creating a memorable experience that transcends the ordinary.",['Food']
"The intersection of innovation, learning, and governance shapes the future of societies, influencing how knowledge is disseminated and power is wielded.","['Technology', 'Education', 'Politics']"
"The tapestry of the past weaves together countless stories of triumph, struggle, and transformation that shape our present and guide our future.",['History']
"The rich tapestry of our past is woven through the flavors we savor, shaping our understanding and appreciation of cultures both ancient and contemporary.","['Food', 'History', 'Education']"
"Innovative advancements continuously reshape our daily lives, enhancing connectivity and efficiency in ways previously unimaginable.",['Technology']
The echoes of past events shape our understanding of the present and influence the course of future generations.,['History']
Innovative advancements are reshaping our daily lives and unlocking new possibilities for the future.,['Technology']
The intricate dance of power and influence often shapes the destinies of nations and the lives of their citizens.,['Politics']
